State,Varroa Mites (Percent),Other pests and parasites (Percent),Diseases (percent),Pesticides (percent),Other (percent),Unknown (percent),Year
Alabama,10,5.4,(Z),2.2,9.1,9.4,2015-Q1
Arizona,26.9,20.5,0.1,(Z),1.8,3.1,2015-Q1
Arkansas,17.6,11.4,1.5,3.4,1,1,2015-Q1
California,24.7,7.2,3,7.5,6.5,2.8,2015-Q1
Colorado,14.6,0.9,1.8,0.6,2.6,5.9,2015-Q1
Connecticut,2.5,1.4,(Z),(Z),21.2,2.4,2015-Q1
Florida,22.3,13.5,0.8,8.9,5.1,4.4,2015-Q1
Georgia,6.2,4.9,3.3,2.6,4.8,10.5,2015-Q1
Hawaii,38.8,37.7,1.6,(Z),2,(Z),2015-Q1
Idaho,39.8,6.7,12.5,4.8,8.9,4.9,2015-Q1
Illinois,12.3,6.9,0.7,0.4,12.6,11.6,2015-Q1
Indiana,20.7,0.3,0.2,0.3,22.3,11.7,2015-Q1
Iowa,26,0.7,4.6,3.4,18,3.4,2015-Q1
Kansas,32.7,1.3,1.1,14.2,9.5,3.4,2015-Q1
Kentucky,10.8,10.7,2.5,2.5,22.7,12.9,2015-Q1
Louisiana,17.2,4.7,4.3,1.7,3.1,2.1,2015-Q1
Maine,4.4,0.1,(Z),(Z),7.5,1.9,2015-Q1
Maryland,10.1,1.8,0.4,(Z),24.2,12.4,2015-Q1
Massachusetts,23.5,3.5,2.1,2.8,7.6,4.7,2015-Q1
Michigan,14.3,3.1,1.1,1.6,8.3,4.6,2015-Q1
Minnesota,1.4,0.1,(Z),0.1,1.6,2.1,2015-Q1
Mississippi,9.4,8.2,0.1,2.1,1.2,1.1,2015-Q1
Missouri,13.1,6,2.2,4.2,11.8,6.3,2015-Q1
Montana,8.7,0.5,0.6,0.8,2.3,7.9,2015-Q1
Nebraska,5.9,0.1,0.1,0.5,0.3,3,2015-Q1
New Jersey,40.1,13.2,30.4,11.1,19.5,16.7,2015-Q1
New Mexico,17.1,0.1,(Z),0.2,1.3,0.4,2015-Q1
New York,7.6,2.6,0.5,4.4,12.4,8.3,2015-Q1
North Carolina,35.5,2.3,0.1,22.9,6.2,12.2,2015-Q1
North Dakota,1.7,1.7,(Z),(Z),2.5,0.1,2015-Q1
Ohio,10.7,1.6,1,3,17.8,3.1,2015-Q1
Oklahoma,14.5,10.1,0.5,(Z),2.1,2.9,2015-Q1
Oregon,20.2,2,0.4,0.6,1.6,1.1,2015-Q1
Pennsylvania,28.1,6.3,1.9,1.9,17.8,6.3,2015-Q1
South Carolina,10.5,2.3,0.2,0.3,3.6,2.9,2015-Q1
South Dakota,1.2,0.9,0.3,0.5,1.2,1.8,2015-Q1
Tennessee,22.2,17.1,(Z),(Z),13,4.4,2015-Q1
Texas,21.5,12.2,5,11.1,2.3,6.2,2015-Q1
Utah,13.6,0.9,0.1,4.4,3,0.5,2015-Q1
Vermont,2.3,5.6,(Z),(Z),5.8,4.9,2015-Q1
Virginia,19,9.4,2.3,(Z),9.8,11.9,2015-Q1
Washington,21.5,0.5,0.3,3.6,6,1.1,2015-Q1
West Virginia,18,7.3,2.2,2.1,14.6,6.1,2015-Q1
Wisconsin,18.8,1.6,2.7,8.5,8.3,5.8,2015-Q1
Wyoming,0.9,(Z),(Z),(Z),0.7,(Z),2015-Q1
Other,0.8,0.1,(Z),0.1,0.9,(Z),2015-Q1
United States,25.2,8.6,3.1,7.4,6.9,4.3,2015-Q1
Alabama,16.7,42.5,(Z),2.3,3.2,4.1,2015-Q2
Arizona,8.4,32.1,0.5,20.1,28.2,0.3,2015-Q2
Arkansas,65.9,63.4,7,22.6,27.4,9.3,2015-Q2
California,50.9,21.5,7.8,23,14.2,3.1,2015-Q2
Colorado,38.6,1.8,4.6,2.8,3.4,6.6,2015-Q2
Connecticut,10.2,0.4,1.9,0.8,1,0.7,2015-Q2
Florida,44.2,26.4,2.7,17.7,13.6,5.4,2015-Q2
Georgia,52.8,17.5,2.9,28.7,11.5,4.1,2015-Q2
Hawaii,60.1,61,0.3,0.1,3.2,0.1,2015-Q2
Idaho,25.5,6.7,6.5,6,13.7,0.3,2015-Q2
Illinois,10.3,3.7,0.2,2.5,2.3,2.4,2015-Q2
Indiana,15.4,1.8,7,0.5,4.4,2,2015-Q2
Iowa,21.5,5.1,2.9,7.8,2.7,1.9,2015-Q2
Kansas,14.4,2.4,0.9,0.1,3.5,4.9,2015-Q2
Kentucky,21.7,18.2,5.3,1.8,9.5,2.9,2015-Q2
Louisiana,36.4,3.7,0.2,1.1,5,0.5,2015-Q2
Maine,72.1,34.5,0.1,34.5,0.5,0.1,2015-Q2
Maryland,4.9,1.3,0.2,2.5,1.6,1.5,2015-Q2
Massachusetts,66.8,61.7,0.2,61.8,4.4,3.1,2015-Q2
Michigan,26.9,13,0.6,9.1,16.4,3.1,2015-Q2
Minnesota,25.4,6.2,1.4,16.5,10.1,9.3,2015-Q2
Mississippi,10.1,6,0.3,0.1,2.3,1.7,2015-Q2
Missouri,5.1,6.2,3.1,1.6,1,7.4,2015-Q2
Montana,9,0.9,0.8,5.3,1.6,(Z),2015-Q2
Nebraska,6.5,6.9,(Z),1.4,2.1,1.5,2015-Q2
New Jersey,52.5,3.6,0.3,26.1,1,2.4,2015-Q2
New Mexico,38.8,(Z),15.5,5.9,0.4,2.7,2015-Q2
New York,19.1,12.5,4.5,4.4,3.3,1.1,2015-Q2
North Carolina,51,14.3,0.3,3.5,5.8,3,2015-Q2
North Dakota,15.5,3,0.1,4.3,4.6,0.3,2015-Q2
Ohio,15.8,4.1,3,11.9,11.2,29,2015-Q2
Oklahoma,66.1,6.3,(Z),0.1,7,1.9,2015-Q2
Oregon,39.3,20.9,13.2,16,5.8,0.4,2015-Q2
Pennsylvania,11.4,5.8,2.6,1.6,6.7,2.1,2015-Q2
South Carolina,29.9,5.4,0.5,1.4,3.7,0.7,2015-Q2
South Dakota,9.8,11.1,1.8,2,1.4,1.5,2015-Q2
Tennessee,47.8,26.3,1.8,9.8,2.6,3,2015-Q2
Texas,19.3,22.9,2.5,6.6,7.4,3,2015-Q2
Utah,27.2,10.8,1.5,12.3,5.6,1.2,2015-Q2
Vermont,3.7,1.9,0.1,(Z),1.3,0.1,2015-Q2
Virginia,26.2,13,1.8,0.2,3,4.5,2015-Q2
Washington,48.7,0.2,2.2,2,3.2,0.5,2015-Q2
West Virginia,15.6,8.3,0.6,2.7,4.6,4.4,2015-Q2
Wisconsin,35.3,5.6,1,8.2,15.2,2.3,2015-Q2
Wyoming,19.1,17.9,0.8,3.6,8.3,2.4,2015-Q2
Other,36.3,9.1,(Z),(Z),0.1,(Z),2015-Q2
United States,43.4,19.5,4.9,16.6,11.6,3.5,2015-Q2
Alabama,63.1,70.6,(Z),2.6,2.2,17.7,2015-Q3
Arizona,53.5,24.8,5.4,17.3,7.6,5.1,2015-Q3
Arkansas,69.2,32.4,0.9,5,1.8,1.4,2015-Q3
California,39.9,20.4,12.5,19.6,15,4.7,2015-Q3
Colorado,50.5,1.5,2.7,16.5,3.7,2.7,2015-Q3
Connecticut,39.3,1.2,0.4,1.5,7.8,(Z),2015-Q3
Florida,39.5,21.7,6.7,22.9,21.9,3.4,2015-Q3
Georgia,47.6,16.2,3.6,21.2,8.9,3.6,2015-Q3
Hawaii,78.1,80.5,0.1,0.1,2.5,(Z),2015-Q3
Idaho,46.8,5.2,1.7,10,2.2,6.4,2015-Q3
Illinois,7.7,3,0.6,0.4,3.4,1,2015-Q3
Indiana,13.7,10.3,4.8,8.2,1,6.2,2015-Q3
Iowa,17.4,5.8,0.1,4.7,5.6,3.4,2015-Q3
Kansas,22.5,16.2,0.2,14.1,14.8,1.7,2015-Q3
Kentucky,40.4,11.3,1.2,6.5,9,2,2015-Q3
Louisiana,25.9,2.3,(Z),1.6,3,0.2,2015-Q3
Maine,9.9,3.4,13.2,(Z),2.6,7.8,2015-Q3
Maryland,26.9,19.1,2.9,22.8,7.1,2,2015-Q3
Massachusetts,16.3,2.9,0.4,2.1,2.5,0.3,2015-Q3
Michigan,44.6,16.3,7.3,13.7,1.8,8.8,2015-Q3
Minnesota,33.3,14.6,7.4,27.4,7,7.2,2015-Q3
Mississippi,45.5,2.2,(Z),1.1,3.8,1.4,2015-Q3
Missouri,11.1,11.7,3,2,2.1,1.4,2015-Q3
Montana,52.5,16.4,10.7,2.3,6.4,5.3,2015-Q3
Nebraska,33.2,10.3,10.9,13.2,4.6,4.3,2015-Q3
New Jersey,7.2,1,0.1,(Z),1.1,0.7,2015-Q3
New Mexico,61.2,55,55,58,55.5,0.7,2015-Q3
New York,40,14.3,5.7,17.1,8.8,1.5,2015-Q3
North Carolina,33.9,27.9,0.7,7.5,5.7,8.5,2015-Q3
North Dakota,33.8,15.5,8.1,12.3,4.1,3.7,2015-Q3
Ohio,30.7,8,0.6,23.4,1.6,1.7,2015-Q3
Oklahoma,1.6,2.3,0.1,0.1,0.6,0.4,2015-Q3
Oregon,56,20.8,5.2,3.1,4.8,3.8,2015-Q3
Pennsylvania,45.1,11.3,3.7,5.1,7.2,0.8,2015-Q3
South Carolina,58.4,31,18.3,14.7,3.9,3,2015-Q3
South Dakota,22,7.3,2,7.1,1.9,5.7,2015-Q3
Tennessee,50.8,38.4,0.5,4.8,2.2,1,2015-Q3
Texas,30.7,26,1.3,19.4,4.7,5.2,2015-Q3
Utah,40.1,25,41.6,33.6,3.6,0.1,2015-Q3
Vermont,22.7,0.5,(Z),(Z),0.4,(Z),2015-Q3
Virginia,29,14.2,1.3,3.7,3.5,8.9,2015-Q3
Washington,45.6,3.7,2.3,1.4,3.8,0.3,2015-Q3
West Virginia,21.7,5.3,1,1.5,3,1.1,2015-Q3
Wisconsin,47.3,20.1,8.3,20.9,12.6,13.5,2015-Q3
Wyoming,28.5,11,6.4,3.4,2,0.4,2015-Q3
Other,8.8,0.2,(Z),0.4,0.7,0.2,2015-Q3
United States,41.2,17.6,8,15.2,8.8,4.8,2015-Q3
Alabama,3.1,6.4,0.2,0.2,2.8,1.9,2015-Q4
Arizona,50.1,1.7,1.1,3.5,0.5,15.5,2015-Q4
Arkansas,38.1,9.7,0.1,8.2,8.5,0.6,2015-Q4
California,37.3,12.7,6.2,11.7,10.5,7.3,2015-Q4
Colorado,47.6,24.4,21.2,19.7,8.4,1.8,2015-Q4
Connecticut,10.5,1.7,0.5,1.1,3.4,2,2015-Q4
Florida,27.3,18.4,2.5,6.8,3,4.2,2015-Q4
Georgia,43.5,13.9,5.3,4.5,3.7,1.3,2015-Q4
Hawaii,31,33.9,0.2,(Z),(Z),(Z),2015-Q4
Idaho,38.9,0.6,4.3,4,2.8,4.5,2015-Q4
Illinois,9.4,2.5,0.3,0.9,1,3.1,2015-Q4
Indiana,15.1,0.5,6.3,0.1,0.6,3.7,2015-Q4
Iowa,53.4,0.9,0.6,6.4,24.8,1.4,2015-Q4
Kansas,44.5,24.8,0.2,25.1,33.9,19,2015-Q4
Kentucky,22.2,14.8,0.4,9.8,7.2,1.7,2015-Q4
Louisiana,10.9,1,(Z),0.6,2.4,0.2,2015-Q4
Maine,18,0.2,(Z),(Z),0.1,0.4,2015-Q4
Maryland,5.6,2,0.1,(Z),0.2,4.3,2015-Q4
Massachusetts,31.4,1.6,6.2,1.9,2.6,1.1,2015-Q4
Michigan,30.2,4.1,(Z),4.1,3.2,3.7,2015-Q4
Minnesota,43.6,8.7,8.4,25,3.8,8.9,2015-Q4
Mississippi,10.6,2.5,0.3,(Z),0.7,1.3,2015-Q4
Missouri,2.8,6,3.3,0.1,0.8,1.5,2015-Q4
Montana,35.5,19.8,14.4,11.4,3.2,13.9,2015-Q4
Nebraska,15.5,(Z),0.2,0.3,0.4,1.7,2015-Q4
New Jersey,7.7,2.2,(Z),0.4,0.4,1.2,2015-Q4
New Mexico,30.9,0.3,0.2,8.4,0.6,1.7,2015-Q4
New York,24.5,2.2,0.8,0.9,0.4,6.2,2015-Q4
North Carolina,9.6,3.4,0.5,0.4,5.4,3.4,2015-Q4
North Dakota,10.8,2.3,1.8,1.5,3.7,2.1,2015-Q4
Ohio,36.3,8.8,2,7.3,14.5,2.1,2015-Q4
Oklahoma,2.8,4.5,0.1,0.1,1.3,2.5,2015-Q4
Oregon,16.4,1.3,1.5,1.5,1.7,1.5,2015-Q4
Pennsylvania,32.2,4.3,1,0.3,0.8,1,2015-Q4
South Carolina,14.2,2.9,0.4,1.7,5.8,(Z),2015-Q4
South Dakota,16.8,3,1.9,7.1,2.4,4.1,2015-Q4
Tennessee,43.6,28.3,(Z),4.6,7.1,3.6,2015-Q4
Texas,20.9,8.7,2.7,5.4,2.2,8,2015-Q4
Utah,75.8,9.1,6.4,0.2,4.4,0.4,2015-Q4
Vermont,57.1,16.8,0.9,0.6,0.4,15.6,2015-Q4
Virginia,26.3,17.2,0.4,(Z),5.8,10.4,2015-Q4
Washington,6.9,0.1,0.1,0.3,3,1.5,2015-Q4
West Virginia,18.8,4.5,1.3,3,8.2,0.6,2015-Q4
Wisconsin,49.4,15.6,2.5,21.9,6.6,21.4,2015-Q4
Wyoming,45,3.3,6.6,10.5,11.3,3.9,2015-Q4
Other,8.2,(Z),(Z),(Z),(Z),8,2015-Q4
United States,37,11.4,5.2,9.5,7.3,6.9,2015-Q4
Alabama,24.2,22,4.3,8.1,2.4,11.3,2016-Q1
Arizona,33.8,2.8,0,7.7,6.5,7.2,2016-Q1
Arkansas,57.4,6.9,(Z),0.5,1.9,8.1,2016-Q1
California,38.1,15.2,9,13.5,8.4,4.4,2016-Q1
Colorado,2.9,4.1,0.5,0.2,2.7,0.2,2016-Q1
Connecticut,12.3,0.8,0.2,0,7.7,1.7,2016-Q1
Florida,23.6,5.8,0.4,4.9,1.8,1.4,2016-Q1
Georgia,32.3,7.8,2.1,21.4,3.2,3.9,2016-Q1
Hawaii,0.3,1.5,0,0.1,0.8,(Z),2016-Q1
Idaho,31.5,2.3,2.1,5.9,5.4,1.4,2016-Q1
Illinois,12.4,6.4,0.3,2.6,4.6,8.6,2016-Q1
Indiana,17.4,3.7,0.9,0.3,7.2,5.5,2016-Q1
Iowa,52.8,14.4,13.8,2.7,24,4.8,2016-Q1
Kansas,30.3,10,0.1,1.1,2.4,5.4,2016-Q1
Kentucky,23.6,9,0.7,6.3,12.5,8.4,2016-Q1
Louisiana,22.8,14.2,18.6,0.4,12.4,1.9,2016-Q1
Maine,3.3,0.4,0.3,0,0.8,1.4,2016-Q1
Maryland,26.2,0.1,0,9.5,6.7,0.7,2016-Q1
Massachusetts,10.1,5.2,0.7,0,3.1,1.1,2016-Q1
Michigan,5.9,0.2,(Z),0.5,1.3,11.3,2016-Q1
Minnesota,12.1,7,0.2,11.6,8,14.5,2016-Q1
Mississippi,13.8,1.6,(Z),3.2,0.3,14.5,2016-Q1
Missouri,20.2,7,0.4,6.2,4.5,7.3,2016-Q1
Montana,0.6,(Z),0,0.5,0.1,0,2016-Q1
Nebraska,1.8,0.4,0.1,0.2,0.8,0.6,2016-Q1
New Jersey,8,1.1,0.2,0.6,1.7,12,2016-Q1
New Mexico,69,0.4,31.5,0,1.5,0.3,2016-Q1
New York,27.5,5.9,1.5,7.6,9.5,2.6,2016-Q1
North Carolina,9.5,2.5,1.9,2.7,4,2.4,2016-Q1
North Dakota,2.7,0,0,0,0.1,11.7,2016-Q1
Ohio,41.6,4.3,0.2,1.3,10.2,5.3,2016-Q1
Oklahoma,4.9,1.2,(Z),0.3,0.9,21,2016-Q1
Oregon,20.4,15,5.3,(Z),2.4,0.3,2016-Q1
Pennsylvania,44.8,4.3,0.3,3.8,5.5,4.6,2016-Q1
South Carolina,10.7,2.3,0.6,2,5.1,4.8,2016-Q1
South Dakota,0.2,(Z),(Z),0,0.5,0.3,2016-Q1
Tennessee,19.7,7.1,0.2,3.7,10.1,10.9,2016-Q1
Texas,19.4,9.8,2.3,9.4,3.7,2.5,2016-Q1
Utah,26.2,7,0.1,0.4,1.6,0.5,2016-Q1
Vermont,1.3,0,0.3,0,0.5,1.7,2016-Q1
Virginia,32.7,7.3,0,0.4,5,3.8,2016-Q1
Washington,23.3,10.5,1.3,1.7,1.9,5.1,2016-Q1
West Virginia,21.9,2.9,1.1,0.6,6.9,6.5,2016-Q1
Wisconsin,24.2,1.6,1.1,13.4,10.8,10.4,2016-Q1
Wyoming,(Z),0.4,0.2,2.5,0.8,1.3,2016-Q1
Other,5.5,2.3,0.5,2.1,8.6,0.1,2016-Q1
United States,34.6,12.6,6.2,10.9,6.9,5.4,2016-Q1
Alabama,9.6,8.2,0.3,1.7,4.8,5.4,2016-Q2
Arizona,26.8,47.5,17.2,12,17.4,3.5,2016-Q2
Arkansas,84.9,8.5,5.5,0.1,3.4,1.6,2016-Q2
California,49.7,14.1,11.2,14.2,15.3,2.6,2016-Q2
Colorado,38.7,0.8,3.3,1.4,2.6,0.3,2016-Q2
Connecticut,9.3,0.6,0.5,0.3,4.4,1.2,2016-Q2
Florida,48.2,23.3,10,11.6,10.1,2,2016-Q2
Georgia,59.3,28.4,2,28.4,11.7,2.7,2016-Q2
Hawaii,35.6,38.1,(Z),0.6,3.2,0,2016-Q2
Idaho,21.2,4.8,2.7,3.1,5.4,2.7,2016-Q2
Illinois,11.4,4.4,2,3.1,4.7,2.1,2016-Q2
Indiana,12.5,2.9,(Z),2.1,2.8,4.3,2016-Q2
Iowa,23.5,17.8,18.7,0.6,6,5.7,2016-Q2
Kansas,47.3,11.6,2.8,8.3,3.7,1.8,2016-Q2
Kentucky,38.9,36.1,1.7,28.4,16,3.8,2016-Q2
Louisiana,20.7,1.1,0,0.3,1.2,0.6,2016-Q2
Maine,82.7,0,4.3,31.1,2.4,27.9,2016-Q2
Maryland,4.2,2.3,2.4,2.9,3.3,0.6,2016-Q2
Massachusetts,40.5,10.6,0.3,10.6,2.3,11.9,2016-Q2
Michigan,54.1,9.3,1.1,16.5,11.8,1.1,2016-Q2
Minnesota,20.8,6,6.5,18.2,8.6,7.6,2016-Q2
Mississippi,12.3,2.3,1.2,2.7,1.2,0.1,2016-Q2
Missouri,17.2,1.6,0.7,0.1,1.6,1.2,2016-Q2
Montana,30.3,7.1,4.5,3.9,6.9,0.2,2016-Q2
Nebraska,6.1,0.1,1,3.8,1.1,3.5,2016-Q2
New Jersey,11.9,0.9,0.2,(Z),0.2,0.3,2016-Q2
New Mexico,59.1,0.3,12.1,2.5,8.2,0,2016-Q2
New York,20.4,3.1,0.9,11.7,4.1,3.8,2016-Q2
North Carolina,51.8,23.5,4.7,33.8,8.3,41.7,2016-Q2
North Dakota,16.2,3.7,2.1,1.1,3.6,0.2,2016-Q2
Ohio,10.6,2.2,0.6,18.3,2.9,1.4,2016-Q2
Oklahoma,51.8,2.8,0.2,1.2,0.6,0.4,2016-Q2
Oregon,52.7,14.5,9.9,2.6,16.7,6,2016-Q2
Pennsylvania,18.7,3.9,2.4,3.6,4.6,0.9,2016-Q2
South Carolina,51.3,36.6,1,35.8,14.3,1.3,2016-Q2
South Dakota,32.4,6.6,1.7,5.1,15.4,0.1,2016-Q2
Tennessee,40.9,22.7,0.1,0.4,9.1,2.6,2016-Q2
Texas,26.1,9,7.5,2.4,7.4,3.7,2016-Q2
Utah,23,0.1,1.8,7.3,3.4,0.8,2016-Q2
Vermont,2.6,0.1,0.1,0,0.3,0.1,2016-Q2
Virginia,23.1,4.2,6.8,6,7.3,2.9,2016-Q2
Washington,40.9,11.4,3.3,3.1,11.1,0.6,2016-Q2
West Virginia,20.1,0.8,4.2,0,14.7,0.7,2016-Q2
Wisconsin,23.4,3.7,12.8,12.6,14.9,10.5,2016-Q2
Wyoming,7.1,2.6,1.2,0.6,2.5,0.8,2016-Q2
Other,7.6,0.2,0,0.8,0.6,5.4,2016-Q2
United States,53.4,16.3,9.5,12.4,12.3,4.1,2016-Q2
Alabama,11.7,42,(Z),3.8,3.2,13.8,2016-Q3
Arizona,41.7,1,0.9,13.5,13.4,8.9,2016-Q3
Arkansas,80.7,9,0.4,7.9,2.7,0.3,2016-Q3
California,42.2,17.8,8.5,18.8,10.4,6.9,2016-Q3
Colorado,49.3,22.4,16.8,24.6,10.6,0.1,2016-Q3
Connecticut,18.8,1.6,0,0.2,5,0.8,2016-Q3
Florida,45.1,23.4,2.7,9.9,8.5,1.8,2016-Q3
Georgia,30.7,16.4,2.4,12.1,7.6,4.5,2016-Q3
Hawaii,67.8,75.3,0.1,0.8,0,0,2016-Q3
Idaho,25.3,4.7,4.5,7.6,6,3.3,2016-Q3
Illinois,17.4,7.9,0.7,4.3,2.9,1.6,2016-Q3
Indiana,50.4,12.4,1.2,0.6,2.5,1.2,2016-Q3
Iowa,32.6,3.4,0.8,16.7,2.4,5.6,2016-Q3
Kansas,42.8,25.5,14.1,29.1,4.5,2.6,2016-Q3
Kentucky,42.3,25.7,0.9,11.5,7.4,4.5,2016-Q3
Louisiana,39.5,26.1,(Z),1.6,9.6,0.7,2016-Q3
Maine,9.3,0.1,0.2,0,0.6,0,2016-Q3
Maryland,10.8,4.8,0.1,0.7,0.6,1.6,2016-Q3
Massachusetts,14.1,8.7,6.8,0.1,3.4,7.9,2016-Q3
Michigan,64.1,25.1,0.3,9.1,6.5,2.7,2016-Q3
Minnesota,47.2,14.6,6.2,22.4,17.8,8.9,2016-Q3
Mississippi,27.5,3.5,1.6,1.8,5,4.7,2016-Q3
Missouri,13.3,7.7,1,0.1,3.1,0.7,2016-Q3
Montana,41.9,8.8,7,6.9,6.1,1.4,2016-Q3
Nebraska,20.4,1.6,0.1,10.2,1.6,0.1,2016-Q3
New Jersey,20.2,7.1,1.2,8.5,1.3,0.3,2016-Q3
New Mexico,59.5,55.4,55.2,24.1,1.7,0.7,2016-Q3
New York,37.4,9,5.5,5.2,24.7,2.6,2016-Q3
North Carolina,27.8,13.4,0.1,2.9,13.4,3,2016-Q3
North Dakota,38,11.8,6.3,12.9,9.9,3.1,2016-Q3
Ohio,60.6,10.6,2.3,2.9,3.6,3.2,2016-Q3
Oklahoma,7.5,6.5,0.3,0.7,1.4,21.8,2016-Q3
Oregon,52.9,18.5,12.5,9.6,5.1,1.5,2016-Q3
Pennsylvania,27.3,7.7,1.6,4.3,2.8,1.2,2016-Q3
South Carolina,20.4,18.8,0.1,2.6,2.6,1.9,2016-Q3
South Dakota,48.8,19.5,14.2,22.7,4.6,2.8,2016-Q3
Tennessee,22.5,23.1,1.3,2.4,6.2,2,2016-Q3
Texas,47.2,11.4,1.7,31.4,3.7,4.1,2016-Q3
Utah,32.1,20.2,0.6,21.8,2.5,1.7,2016-Q3
Vermont,5.6,8,1.7,0,2.4,0.8,2016-Q3
Virginia,39.1,24.1,1.1,2.3,5.3,3.6,2016-Q3
Washington,65.2,1.4,0.9,19.1,4.3,0.1,2016-Q3
West Virginia,41.5,7.1,3.6,0.1,8.1,0.4,2016-Q3
Wisconsin,31.5,13.6,10.8,15.8,5.1,11.1,2016-Q3
Wyoming,38.6,3.1,0.5,2.6,3.4,0.3,2016-Q3
Other,7.8,1.6,0.5,0,2.3,9.8,2016-Q3
United States,46.1,15.6,6.7,15.1,9.3,4.5,2016-Q3
Alabama,12.3,9.9,0.2,2.4,6.7,3.3,2016-Q4
Arizona,98.8,15.5,2.3,6.5,4.3,3.2,2016-Q4
Arkansas,21.1,4.8,(Z),1.3,1.1,3.3,2016-Q4
California,41.9,13.7,8,9.1,9.6,3.5,2016-Q4
Colorado,32.4,1.3,0.1,3.1,13,0.1,2016-Q4
Connecticut,14.7,6.6,1.1,1,5.8,3.2,2016-Q4
Florida,30.9,27.1,7.7,17,13.6,6.5,2016-Q4
Georgia,43.6,8.6,3.7,7.6,4.1,2.5,2016-Q4
Hawaii,39.9,40.8,0,0.1,0.2,0.1,2016-Q4
Idaho,31.9,0.8,4.8,0.2,4.2,3,2016-Q4
Illinois,27.8,11.7,1.2,5.6,3.9,4.8,2016-Q4
Indiana,28.2,9.6,0.2,1.4,1,3.8,2016-Q4
Iowa,18.7,9.8,8.9,9,11.4,6.3,2016-Q4
Kansas,29.2,8.3,0.3,3.1,5.1,1.4,2016-Q4
Kentucky,48.2,22.3,3.3,3,10.3,5.7,2016-Q4
Louisiana,2.9,1,1,0.1,0.7,1.2,2016-Q4
Maine,10.7,0.8,0.1,0,5.8,0.1,2016-Q4
Maryland,23.8,8.3,4.5,4.6,5.8,0.6,2016-Q4
Massachusetts,6.1,2.6,0.4,0.4,0.7,4.2,2016-Q4
Michigan,23.9,1.5,0.1,2.7,4,0.6,2016-Q4
Minnesota,27.5,7.7,3.1,17.6,5,8.9,2016-Q4
Mississippi,21.9,6,0.1,0,2.1,2.8,2016-Q4
Missouri,16.1,12.6,0.2,(Z),1.5,0.7,2016-Q4
Montana,59.1,39.4,32.9,13.7,33.3,33.1,2016-Q4
Nebraska,10.5,1.4,0.2,1.2,0.4,1.5,2016-Q4
New Jersey,28.6,11.3,0.4,1.9,3.4,8.6,2016-Q4
New Mexico,46.2,0.3,7.2,0,0.8,0.3,2016-Q4
New York,27.8,2.2,3.6,12.5,2.2,2.1,2016-Q4
North Carolina,24,7.7,1.8,0,12.5,1.3,2016-Q4
North Dakota,23.5,7.9,1.5,0.4,2.6,2.2,2016-Q4
Ohio,42,18.1,0.8,4.2,11.2,10.9,2016-Q4
Oklahoma,4.9,0.5,(Z),0.1,0.1,0.7,2016-Q4
Oregon,25.5,2.8,13,2.8,2.6,1.3,2016-Q4
Pennsylvania,18.7,2.6,1,2.8,4.9,3.1,2016-Q4
South Carolina,29,27.1,23.3,24.6,25.9,1.9,2016-Q4
South Dakota,48.9,5.3,0.3,6,1,0.3,2016-Q4
Tennessee,19.9,21.6,0,1.1,2.2,3.1,2016-Q4
Texas,33.1,17.5,3.2,3.6,2.8,1.4,2016-Q4
Utah,26.4,0.1,0.2,0.9,0.7,0.3,2016-Q4
Vermont,44.5,41.3,41.2,41,0.4,0,2016-Q4
Virginia,31.4,19.9,2,0,1.8,5.1,2016-Q4
Washington,21.4,4.6,3.7,9.1,4.5,0.3,2016-Q4
West Virginia,23.8,2.3,1.1,1.1,4.3,2.8,2016-Q4
Wisconsin,69.3,12.2,10,10.6,10.6,46.2,2016-Q4
Wyoming,32.2,1.6,3.1,5.2,1.1,0,2016-Q4
Other,24.1,9.3,9.3,9.6,2.3,1.4,2016-Q4
United States,46.6,16.9,8.3,9.4,10.1,6.4,2016-Q4
Alabama,19.9,9.8,0.2,3.2,6.7,9.3,2017-Q1
Arizona,35.6,2,3.8,1.7,6.5,2.1,2017-Q1
Arkansas,31.5,14.6,0.1,0.5,3,1,2017-Q1
California,37.7,12.6,7.5,9.2,6.6,6.3,2017-Q1
Colorado,17,(Z),(Z),0.9,2.6,0.4,2017-Q1
Connecticut,51.5,1.5,0,0,6.1,5.6,2017-Q1
Florida,37.6,14.8,1.5,14.2,6.2,17.9,2017-Q1
Georgia,35.3,7,0.2,2.6,4.4,1.8,2017-Q1
Hawaii,1.2,2.1,0.2,0,0.1,0.1,2017-Q1
Idaho,74.2,42.3,42.3,21.2,1.7,0.4,2017-Q1
Illinois,21.2,13.1,0.5,3.7,9.9,8,2017-Q1
Indiana,15.8,8,5.2,4.1,10.4,7.1,2017-Q1
Iowa,33.6,8.3,8.4,12,11.9,11.7,2017-Q1
Kansas,47.2,3,0,3.6,16.4,14.3,2017-Q1
Kentucky,31.9,11.5,0.4,3.8,16,7.5,2017-Q1
Louisiana,25.8,9.6,0.1,1.8,4.3,1.8,2017-Q1
Maine,23.9,20.9,30.5,8.1,26.3,0,2017-Q1
Maryland,11.3,3.3,1,1,11.9,4.3,2017-Q1
Massachusetts,32.5,5.6,3,4.5,10.5,5.6,2017-Q1
Michigan,7.9,0.3,0,1.9,1.1,3.9,2017-Q1
Minnesota,2.1,0.4,0.1,0.9,9,5.8,2017-Q1
Mississippi,41.7,35.3,(Z),0.1,0.5,1.4,2017-Q1
Missouri,16.6,15.4,0.5,2.7,5.4,5.2,2017-Q1
Montana,34,15.1,0,2.5,6,0.1,2017-Q1
Nebraska,14.8,0.3,0.4,0,2.1,1.2,2017-Q1
New Jersey,16.3,0.7,0.3,0.1,0.8,0.6,2017-Q1
New Mexico,93.9,0,87.4,0,2,0,2017-Q1
New York,20.4,9.4,9.8,4.4,13.2,10.8,2017-Q1
North Carolina,34.7,17.4,0.2,1.5,7.2,3.9,2017-Q1
North Dakota,0.8,0,0,0,0.2,0.2,2017-Q1
Ohio,25.8,11.6,0.6,0.1,5.2,16.5,2017-Q1
Oklahoma,11.9,1,0,0.1,0.5,0.3,2017-Q1
Oregon,28.7,8.5,10.1,9.1,15.4,8.5,2017-Q1
Pennsylvania,20.9,2.4,0.8,2.9,3.6,7.2,2017-Q1
South Carolina,12.6,5.3,0.4,1.1,2.7,1.8,2017-Q1
South Dakota,2.9,0,0,0,0.2,0.3,2017-Q1
Tennessee,28.6,12.6,0.9,2.4,8.1,7,2017-Q1
Texas,36.2,22.5,2,5.1,3.5,3.6,2017-Q1
Utah,38.7,0,0.1,0,2,0.3,2017-Q1
Vermont,6,0.7,2.1,0.2,0.9,2.2,2017-Q1
Virginia,21.4,12.8,2.8,3.2,7.4,8.4,2017-Q1
Washington,6.8,0.1,0,0,8,4.4,2017-Q1
West Virginia,15.8,1,0.2,0,11.9,1.3,2017-Q1
Wisconsin,19,1.9,1.1,2,4,10.5,2017-Q1
Wyoming,0.2,0,0.2,0,0.6,(Z),2017-Q1
Other,3.4,0.8,6.6,2.6,1.8,2.5,2017-Q1
United States,42.2,15.5,7,8.9,7.2,7.4,2017-Q1
Alabama,17.9,13.6,0,4.2,9.4,5.3,2017-Q2
Arizona,58.4,15.9,19.7,12.4,20.4,0.7,2017-Q2
Arkansas,19.4,9.6,1.9,3.9,2.7,2.5,2017-Q2
California,38,7.7,3.1,13,4.8,3.4,2017-Q2
Colorado,31.3,0.8,5.3,3.2,4.6,0.1,2017-Q2
Connecticut,9.1,0.2,0,0.5,1.9,0.7,2017-Q2
Florida,36.5,14.4,6.1,9,6.5,18.9,2017-Q2
Georgia,34.1,5.8,1,6.6,6.5,2.8,2017-Q2
Hawaii,88.9,3.7,(Z),0,0.4,0,2017-Q2
Idaho,30.5,6.4,4,8.3,7.8,4.8,2017-Q2
Illinois,11.3,4.3,0.7,3,5.6,1.5,2017-Q2
Indiana,5.5,2.1,0.1,43.3,8.6,1.2,2017-Q2
Iowa,39.3,27.6,7.5,26.6,8.1,0.9,2017-Q2
Kansas,17.3,8.5,0.7,22.6,1.7,6.4,2017-Q2
Kentucky,25.7,11.6,1,4.5,4.3,4.9,2017-Q2
Louisiana,23.2,3.1,0,1.6,1.5,0.7,2017-Q2
Maine,4.4,4.3,4.1,4.3,2,14.8,2017-Q2
Maryland,3.3,6.9,0.8,0.3,2.1,1.1,2017-Q2
Massachusetts,14.8,12.5,12.9,11,0.4,1.6,2017-Q2
Michigan,19.1,7.2,0.2,2.1,0.9,0.5,2017-Q2
Minnesota,20.5,4.7,2.3,12.8,6.6,2.2,2017-Q2
Mississippi,14,0.9,0,1.7,3.7,0.8,2017-Q2
Missouri,13.4,8.9,3,1,5.1,1.9,2017-Q2
Montana,20,4,4.2,3.5,4.4,0.6,2017-Q2
Nebraska,50.1,38.4,1,37.6,16,0.8,2017-Q2
New Jersey,21.4,5.6,2.3,1.9,0.3,0.8,2017-Q2
New Mexico,88.4,0.6,72.9,0,35.6,0.6,2017-Q2
New York,22.2,2.1,2.1,2,8.9,0.1,2017-Q2
North Carolina,23.4,5.5,2.3,0.8,5.1,1.5,2017-Q2
North Dakota,29.3,4,3.2,5.3,3.2,1,2017-Q2
Ohio,45.5,6.4,6.2,10.4,16.6,3,2017-Q2
Oklahoma,23.6,2.3,11.2,0.5,7.7,0.3,2017-Q2
Oregon,37.2,10.6,8.8,3.5,15.8,11.3,2017-Q2
Pennsylvania,13.5,1,0.7,1.5,2.4,1.5,2017-Q2
South Carolina,24.3,21.7,15.1,18.5,4.1,0.4,2017-Q2
South Dakota,8.7,1.4,1,6.4,5,3.6,2017-Q2
Tennessee,53.4,25.5,1,3.1,10.6,3.9,2017-Q2
Texas,28.7,16.8,1.5,12.4,2.8,1.4,2017-Q2
Utah,36.7,1.3,0.3,0.1,12.6,0,2017-Q2
Vermont,3.3,0.3,0.3,0,0.2,0.5,2017-Q2
Virginia,18.7,18,0.9,5,1.8,4.8,2017-Q2
Washington,21.3,5,4.2,7.5,3.6,0.4,2017-Q2
West Virginia,11.6,1.6,1.8,0.4,3.7,1.6,2017-Q2
Wisconsin,13.8,1.7,1.7,2.2,3.2,0.3,2017-Q2
Wyoming,34.1,3.5,12.6,2.8,5.7,1.9,2017-Q2
Other,6.7,0.4,0.3,0,3.9,0.6,2017-Q2
United States,40.9,10.9,4.6,12.3,7,4.9,2017-Q2
Alabama,69.5,22.1,0,35.4,7.5,3.9,2017-Q3
Arizona,19.8,0.4,0.5,1.1,12.4,6.3,2017-Q3
Arkansas,61.4,9.1,0,17,9.3,2.3,2017-Q3
California,42.3,15.8,5.6,13.4,10.1,3.6,2017-Q3
Colorado,52.9,1.4,2.6,9.1,7.8,1.4,2017-Q3
Connecticut,25.1,1.5,0.1,0,13,0,2017-Q3
Florida,42.9,13.2,3.7,6.3,11.4,21.5,2017-Q3
Georgia,47.6,18,2.3,14.1,15.1,6.9,2017-Q3
Hawaii,2.8,4.3,0.3,0,2,(Z),2017-Q3
Idaho,53.7,19.1,6.7,15.5,9.5,5.1,2017-Q3
Illinois,29.9,14.2,2.8,2.8,4.6,3.3,2017-Q3
Indiana,13.9,5.9,0.4,3.9,3.8,2,2017-Q3
Iowa,17.2,7.2,2.4,3.9,4,2.2,2017-Q3
Kansas,65.4,52.6,14.8,20.3,1.1,7.4,2017-Q3
Kentucky,46.4,39.2,4.6,0.6,10.3,6.2,2017-Q3
Louisiana,59.2,74.5,0.3,1.6,4,14.9,2017-Q3
Maine,3.4,0.9,0.9,3.9,1.2,0.1,2017-Q3
Maryland,8.8,10.1,0.7,1.6,5.1,9.1,2017-Q3
Massachusetts,82,0.9,0.7,2.3,0.8,0.1,2017-Q3
Michigan,56.8,11.9,8.6,13.7,15,2.9,2017-Q3
Minnesota,39.8,4.7,1.8,9.4,11.6,2.3,2017-Q3
Mississippi,71.1,4.8,0.7,0.2,18.1,0.7,2017-Q3
Missouri,77.7,36,2.8,34,1.6,35,2017-Q3
Montana,42.3,6.7,6.9,2.2,19.1,2,2017-Q3
Nebraska,15.1,6.6,0.4,7.1,9.2,0.2,2017-Q3
New Jersey,10.7,2.9,0,0.8,0.4,1.9,2017-Q3
New Mexico,74.3,3.3,17.8,13.6,3.1,0.3,2017-Q3
New York,45.1,19.8,6.2,9.4,13.6,1.8,2017-Q3
North Carolina,74.5,36.1,3.3,20.3,7.6,1.8,2017-Q3
North Dakota,42,11.9,3.4,8.1,8.1,1.9,2017-Q3
Ohio,51.5,19.1,4.7,6.7,11.7,7,2017-Q3
Oklahoma,22,23,10,3.8,4.7,2,2017-Q3
Oregon,54.4,10.6,11.3,13.2,6.4,1.8,2017-Q3
Pennsylvania,41.4,5.7,2.7,3.7,2.2,0.9,2017-Q3
South Carolina,26.4,11.8,0.2,3,5.2,0.8,2017-Q3
South Dakota,47.4,13.4,5,10.1,27,2.5,2017-Q3
Tennessee,42.8,22.1,2.1,6,5.3,6.9,2017-Q3
Texas,33.7,23,0.1,24,18.3,1.5,2017-Q3
Utah,40.5,0.1,0.5,16.7,15.9,9.1,2017-Q3
Vermont,16.8,9,4.7,(Z),7,0.7,2017-Q3
Virginia,50.3,26.5,1.5,0.5,4.4,1.6,2017-Q3
Washington,23.7,2.7,2,1.2,0.7,2.4,2017-Q3
West Virginia,23.2,6.2,1.4,0.6,9.5,3.8,2017-Q3
Wisconsin,61.6,21,18.5,21.8,13,12.1,2017-Q3
Wyoming,21.8,1.6,9.3,4.4,5.6,5.2,2017-Q3
Other,51.1,4.7,2.3,6.7,1.2,1.3,2017-Q3
United States,45.5,15,4.8,10.9,11.6,4.9,2017-Q3
Alabama,22.3,10.1,8.8,9.5,1.7,5.2,2017-Q4
Arizona,61.6,4.2,2.3,1.6,4.1,0.1,2017-Q4
Arkansas,37.5,29.2,26.6,31,24.1,0.4,2017-Q4
California,47.9,14.1,7.4,17,17.1,6.3,2017-Q4
Colorado,30.2,0.7,0.2,20,15.5,5.3,2017-Q4
Connecticut,36.4,2.8,0,0.6,1.6,1.6,2017-Q4
Florida,41.4,16.8,7.5,10.4,7.6,26.2,2017-Q4
Georgia,56.8,15.1,12.3,15.3,3.6,4.6,2017-Q4
Hawaii,57.2,66.1,0.1,0,0.1,0,2017-Q4
Idaho,34,16.9,17.7,14.9,1.7,0.2,2017-Q4
Illinois,28.9,10.2,0.8,7.9,4.9,4.9,2017-Q4
Indiana,23.5,5.6,1.7,0.7,3.9,8,2017-Q4
Iowa,61,25.5,12.3,32.6,17.9,5.5,2017-Q4
Kansas,17.9,7.7,3.3,8.6,0.6,10.2,2017-Q4
Kentucky,54.3,24.4,0.5,6.5,5.6,19.1,2017-Q4
Louisiana,31.5,26.6,0.3,0.6,2.1,10.4,2017-Q4
Maine,24.9,6.2,0.4,0,0.6,0,2017-Q4
Maryland,7.9,3.1,0.2,1.1,1.8,7.8,2017-Q4
Massachusetts,13.2,1.2,6.7,2.7,1.5,0.3,2017-Q4
Michigan,53.8,13.6,5.3,23.6,1.5,2,2017-Q4
Minnesota,62.9,4,4.2,39.8,7.2,3.1,2017-Q4
Mississippi,19.3,6.1,1.4,1.5,1.5,4.1,2017-Q4
Missouri,16.7,14.2,1,0.1,4.2,1.6,2017-Q4
Montana,54.2,4.1,3.1,5.9,5.3,4.1,2017-Q4
Nebraska,26.6,3.3,4.1,2.1,4.3,11.5,2017-Q4
New Jersey,18.9,6.8,4.4,4.4,3.3,0,2017-Q4
New Mexico,86.1,0.3,0,10.3,10,1,2017-Q4
New York,22.3,12.7,8,5.4,0.4,2.6,2017-Q4
North Carolina,64.2,16.3,3.9,1.5,11.7,6.7,2017-Q4
North Dakota,41.7,16.5,0.2,0.5,0.9,0.3,2017-Q4
Ohio,45.3,23.3,7.1,6.4,8.4,2.9,2017-Q4
Oklahoma,1,0.5,0,0,(Z),0.2,2017-Q4
Oregon,50.6,23.3,28,14.2,3.9,1.8,2017-Q4
Pennsylvania,44.7,5.4,1,6.9,2.9,2.3,2017-Q4
South Carolina,31.6,19.4,14.6,0.2,1.9,1.9,2017-Q4
South Dakota,17.3,0.1,4.1,4.4,7.5,2.7,2017-Q4
Tennessee,22.8,18.9,0.2,2,7.5,15.3,2017-Q4
Texas,33.9,21.4,7.1,2.9,3.8,5.2,2017-Q4
Utah,24.3,8.9,11,9.2,9.4,19.8,2017-Q4
Vermont,96.6,44.5,22.1,55.2,5.7,1.8,2017-Q4
Virginia,20.9,20.6,1.3,7.5,6.9,3.9,2017-Q4
Washington,21.7,6,(Z),0.3,0.4,0.2,2017-Q4
West Virginia,60.1,5.3,2.4,0.1,7.8,3.6,2017-Q4
Wisconsin,53.1,36.9,33.1,22.8,15.3,15.2,2017-Q4
Wyoming,38,2.4,8.4,5.9,8.1,0.6,2017-Q4
Other,11.5,1.7,3,2.2,1,2.4,2017-Q4
United States,55.3,18.9,9.4,15,11.1,7.6,2017-Q4
Alabama,29.2,30.2,1.9,14.9,8.6,4.5,2018-Q1
Arizona,36.3,4.3,4.6,15.3,7.9,4.2,2018-Q1
Arkansas,21.1,9.6,1,23,4.6,13.9,2018-Q1
California,41.3,11.3,4.8,11.5,8,4.9,2018-Q1
Colorado,31.7,0.8,3.8,0.5,13.7,2.4,2018-Q1
Connecticut,14.5,0.7,0,0.8,7.7,3.5,2018-Q1
Florida,31.7,15.3,4.5,9.2,5.5,16,2018-Q1
Georgia,39.6,18.7,0.9,14.8,27.1,2.1,2018-Q1
Hawaii,83,84.5,0.1,0,0.1,(Z),2018-Q1
Idaho,28.3,5.7,0.8,3.4,3.4,0.4,2018-Q1
Illinois,25.7,11.2,3.6,3.5,10.4,10.9,2018-Q1
Indiana,33.4,8.3,3,0.5,9.9,3.7,2018-Q1
Iowa,5.3,1.1,0.3,0.6,0.6,1.4,2018-Q1
Kansas,63,20.3,1,4.3,27.9,9.1,2018-Q1
Kentucky,43,29.6,0.9,11,8,5.9,2018-Q1
Louisiana,4.9,0.7,0.2,0.7,4.5,1.6,2018-Q1
Maine,23.6,0.6,0.2,0,5.2,7.4,2018-Q1
Maryland,18.2,5.6,4.4,1.5,14.3,3.1,2018-Q1
Massachusetts,19.6,1.1,0.8,0.8,9.6,7.4,2018-Q1
Michigan,21.4,3.5,0.7,7.4,12,5.9,2018-Q1
Minnesota,2,0.7,1.9,0.6,1.1,1.6,2018-Q1
Mississippi,7,4.8,(Z),0.6,2.4,34.4,2018-Q1
Missouri,86,77.8,0.3,3.5,26.5,23.9,2018-Q1
Montana,28.9,(Z),(Z),26.1,0.1,0.1,2018-Q1
Nebraska,4.5,1.6,0,2.8,1.7,0.9,2018-Q1
New Jersey,14.9,1.9,0,0.4,3.8,0.8,2018-Q1
New Mexico,42.8,0.5,0,1.3,9.4,0.5,2018-Q1
New York,25.3,11.9,1.4,1.9,8,6,2018-Q1
North Carolina,29.7,10.2,0.3,0.3,13.4,8,2018-Q1
North Dakota,1.4,0.1,1.1,0,0.8,0,2018-Q1
Ohio,39.6,10,6.5,3.2,15.8,11.6,2018-Q1
Oklahoma,24.1,8.5,3.2,0.1,3.1,2,2018-Q1
Oregon,36,0.7,1.2,6.7,3.7,1,2018-Q1
Pennsylvania,34.4,5.6,3.3,9.3,5.9,9.9,2018-Q1
South Carolina,29.3,15.5,0.7,2.6,13.5,3,2018-Q1
South Dakota,4.4,0.1,(Z),(Z),0.5,0.1,2018-Q1
Tennessee,29.2,20.4,2.3,3,13.2,19.7,2018-Q1
Texas,21.5,10.1,4.8,0.2,1.7,10.3,2018-Q1
Utah,18.7,0,0.1,0,0.1,0.5,2018-Q1
Vermont,17,1.2,0.3,0.6,2,0.8,2018-Q1
Virginia,26,11.3,0.3,3.9,7.7,16.3,2018-Q1
Washington,8.5,0.9,1,1.9,0.4,0.4,2018-Q1
West Virginia,15,8,2,3.4,20.8,4.9,2018-Q1
Wisconsin,14.1,3.7,1.2,1.5,3.6,3.7,2018-Q1
Wyoming,0.8,0.3,0.1,0,1.9,0.9,2018-Q1
Other,20.7,0.4,0.1,0,1.9,1.1,2018-Q1
United States,40.7,12.7,4.3,10.3,8.7,7.1,2018-Q1
Alabama,25.2,27.3,1.3,14.4,9.4,2.1,2018-Q2
Arizona,73.8,7.2,32.8,0.8,14.3,4.1,2018-Q2
Arkansas,30.9,12.8,0.7,2.2,17,13.2,2018-Q2
California,41.5,10.2,11.1,13.7,9,5,2018-Q2
Colorado,41.7,(Z),12.7,3.6,4.2,0.5,2018-Q2
Connecticut,11.1,0.9,0.4,0.8,0.8,0.4,2018-Q2
Florida,45.3,27.5,9.6,15.5,10.1,21.1,2018-Q2
Georgia,53,25.9,13.8,14.8,31.4,10.1,2018-Q2
Hawaii,88.3,91.9,0.4,0,0.8,0.2,2018-Q2
Idaho,51.6,3.7,3,18.5,4.1,4.4,2018-Q2
Illinois,13.7,7.8,6.7,6.6,9.9,2.4,2018-Q2
Indiana,78,3.5,0.4,4.5,1.3,1.1,2018-Q2
Iowa,12.7,9.3,0.9,7.9,8.4,0.3,2018-Q2
Kansas,42.8,31.6,1.3,24.9,2.1,1.6,2018-Q2
Kentucky,40.9,20.2,0.6,1,4.1,5.9,2018-Q2
Louisiana,8.1,5.9,0.2,0.8,1.2,1.3,2018-Q2
Maine,1.4,0.8,0.2,1.3,0.5,(Z),2018-Q2
Maryland,11.8,3.4,0.8,0.3,4.4,0.4,2018-Q2
Massachusetts,6.3,1.1,1,1.4,2,2.1,2018-Q2
Michigan,75.4,18.6,10.8,11.7,12.7,9.8,2018-Q2
Minnesota,12.9,9.3,7.2,6,8,20.7,2018-Q2
Mississippi,44.6,26.2,0,0.2,3.5,2.2,2018-Q2
Missouri,11.8,13.2,0.8,1.5,8.3,2.6,2018-Q2
Montana,42.9,4.7,3.3,1.7,0.9,1.2,2018-Q2
Nebraska,5,1.4,1.4,4.2,9,5.5,2018-Q2
New Jersey,16.5,3.3,(Z),0.1,3.4,0.1,2018-Q2
New Mexico,0.3,0.1,0.3,0,0.2,1,2018-Q2
New York,39.6,20,15,6.6,16.7,3.7,2018-Q2
North Carolina,9.7,2.6,0.5,2.4,14.6,0.8,2018-Q2
North Dakota,34.8,7.9,4.9,4.7,4.9,4.3,2018-Q2
Ohio,38.8,30.7,1.7,2.7,21.6,1.5,2018-Q2
Oklahoma,60.2,10.9,9.6,26.7,12.4,0.1,2018-Q2
Oregon,46.1,3.5,8.1,6.6,15.6,0.2,2018-Q2
Pennsylvania,31.3,16,2.2,2,1.6,1.9,2018-Q2
South Carolina,14.2,3.5,0.7,1.6,10,3,2018-Q2
South Dakota,55.1,40.4,7.3,3.8,37.5,(Z),2018-Q2
Tennessee,30,22.9,3,3.4,6.2,2.5,2018-Q2
Texas,26.5,17.7,8.1,4.5,8.5,14.6,2018-Q2
Utah,43.5,3.7,2,1.7,1.4,1.9,2018-Q2
Vermont,21.8,1.5,0.7,16.7,1.8,0.1,2018-Q2
Virginia,22.7,18.8,3.2,1.3,23.1,1.5,2018-Q2
Washington,55.9,9.4,7.6,7.6,7.1,0.6,2018-Q2
West Virginia,13.8,7.5,0.9,2.9,13.6,7.9,2018-Q2
Wisconsin,32.1,16.9,18.3,27.1,29.5,0.8,2018-Q2
Wyoming,9.6,0.1,2.1,2.1,2.7,3.7,2018-Q2
Other,19.8,0.9,0.9,(Z),3.5,0.2,2018-Q2
United States,56.4,19.4,11.6,13.3,14.7,9.3,2018-Q2
Alabama,77.5,69.4,0.7,14.6,7.8,6.8,2018-Q3
Arizona,52.5,2.3,4.5,3.8,15,27.6,2018-Q3
Arkansas,29.9,7.8,0.1,17.6,0.5,0.6,2018-Q3
California,57.3,6.6,4.5,17.8,12,3.6,2018-Q3
Colorado,72.6,16.6,5.6,2.9,8.5,4.5,2018-Q3
Connecticut,13,0,0,1.4,2.5,1.2,2018-Q3
Florida,35,20.5,4.2,7.6,14.3,9.8,2018-Q3
Georgia,49.8,20.4,2.4,27.7,6,7.2,2018-Q3
Hawaii,88.3,89.4,0.1,0.1,0.1,0,2018-Q3
Idaho,83.6,5.4,14.6,26.5,13.8,5.7,2018-Q3
Illinois,21.2,10.6,2.1,5.1,1.5,7,2018-Q3
Indiana,29.5,12.2,1.4,20.6,5,0.5,2018-Q3
Iowa,29.9,9.8,8.5,0.4,1.9,0.4,2018-Q3
Kansas,76.8,51.1,6.6,8,23.7,7.9,2018-Q3
Kentucky,47.1,26.5,1.6,1.5,4.5,7.6,2018-Q3
Louisiana,31.3,29.9,0.2,1.7,1,1.6,2018-Q3
Maine,37,1,1.1,0,3.5,0.5,2018-Q3
Maryland,11.7,6,0.3,0.6,1.1,3.8,2018-Q3
Massachusetts,75.9,11.2,10.7,10.1,1.1,10.3,2018-Q3
Michigan,92.4,13.8,1.1,23.8,19.5,18.6,2018-Q3
Minnesota,44.5,12.4,6,28.4,9.3,8.1,2018-Q3
Mississippi,25.2,8.6,(Z),0.5,7.5,7.2,2018-Q3
Missouri,18.2,16.9,1.2,1.2,7.5,1.1,2018-Q3
Montana,43.8,18.5,18,6.8,21.8,2.7,2018-Q3
Nebraska,24.1,3.2,5.9,6.5,4.3,4,2018-Q3
New Jersey,12.3,5.1,0.2,0.1,1,0.4,2018-Q3
New Mexico,0,0,0,12.3,0.4,0.2,2018-Q3
New York,40.7,20.6,18.6,24.4,22.9,10.2,2018-Q3
North Carolina,66,17.9,11.4,8.4,11.4,3.1,2018-Q3
North Dakota,52.6,11.5,9.6,10.4,10.9,1.2,2018-Q3
Ohio,58.9,40.9,2.6,1.3,11.9,1.2,2018-Q3
Oklahoma,59.6,51.1,0.1,23.5,17.2,23.4,2018-Q3
Oregon,57.2,2.8,7,45.1,10.7,0.8,2018-Q3
Pennsylvania,23.5,8.1,1.9,1.6,1.7,2.6,2018-Q3
South Carolina,76.8,53.4,0.7,32.4,7.6,0.9,2018-Q3
South Dakota,54.7,32.9,3.3,8.5,45,1.6,2018-Q3
Tennessee,70.6,53.2,0.7,13.2,5.6,2.1,2018-Q3
Texas,18.8,4.4,0.4,6.2,2.8,0.9,2018-Q3
Utah,34,15.5,0.1,0.2,1,0.7,2018-Q3
Vermont,29.3,4.9,4.3,24.1,0.3,0,2018-Q3
Virginia,39,28.5,2.6,7.7,11.6,1.7,2018-Q3
Washington,7.1,0.6,0.6,2.7,9.9,2.8,2018-Q3
West Virginia,57,52.6,0.3,0.3,6.8,2.1,2018-Q3
Wisconsin,54.4,32.7,2.6,19.5,6.1,4.3,2018-Q3
Wyoming,35.4,2.8,2.2,9,3.3,4,2018-Q3
Other,22.8,2.4,1.3,2.9,4.9,0.7,2018-Q3
United States,53.8,15.2,6.4,15.7,13.9,4.7,2018-Q3
Alabama,20.6,20.5,1.3,1.5,3.4,7.5,2018-Q4
Arizona,20.6,8.3,3.1,(Z),7.1,3,2018-Q4
Arkansas,82.8,7.1,0,73.5,5.3,2.2,2018-Q4
California,44.1,16.6,9.8,11.6,9.3,7.1,2018-Q4
Colorado,73.2,5.9,1,(Z),6.1,1.2,2018-Q4
Connecticut,12.5,3.6,2.3,0.9,4.2,2.3,2018-Q4
Florida,46.7,22.4,9,14.1,8,6.7,2018-Q4
Georgia,41.4,17.4,9.2,6.9,5.6,7.8,2018-Q4
Hawaii,70.5,83.3,(Z),0,0.1,0,2018-Q4
Idaho,64.9,47.4,9.6,15.9,7,4.5,2018-Q4
Illinois,27.2,13.1,2.4,2.8,6.9,5.7,2018-Q4
Indiana,51.3,21.3,23.8,64.6,35.4,2.3,2018-Q4
Iowa,55.1,27.2,8.9,31.6,29.4,5.6,2018-Q4
Kansas,62,31.3,26,43.7,1.6,26.4,2018-Q4
Kentucky,57.1,41.9,1.2,6.8,5.5,4.3,2018-Q4
Louisiana,16.6,6.7,0.3,5.9,1,1.7,2018-Q4
Maine,9.3,5.1,(Z),0,1.2,0.1,2018-Q4
Maryland,16.6,5.3,0.3,1.2,4.9,1.7,2018-Q4
Massachusetts,33.2,9.2,8.1,9.4,3.4,5.3,2018-Q4
Michigan,52,31.2,15.6,15.1,2.4,6.6,2018-Q4
Minnesota,28.4,5.2,4.2,7.9,3.8,2.4,2018-Q4
Mississippi,26.5,6.7,0.2,0.5,3,4.5,2018-Q4
Missouri,37,10,1.1,2.3,1.9,4.1,2018-Q4
Montana,40.7,13,5.6,17.5,2.9,(Z),2018-Q4
Nebraska,3,0.7,0.7,0.3,2.9,1,2018-Q4
New Jersey,14,3.2,0.1,0,5.4,0.3,2018-Q4
New Mexico,81.3,0.8,3.7,0.1,8,1.2,2018-Q4
New York,26,4.5,7.8,2.4,7.8,0.7,2018-Q4
North Carolina,53,10.4,3.8,2,11.1,5.2,2018-Q4
North Dakota,29.5,9.4,8.1,10.6,4.3,4.6,2018-Q4
Ohio,29.3,5.8,0.1,8.1,2.4,9.9,2018-Q4
Oklahoma,13.1,0.4,(Z),0,(Z),0.3,2018-Q4
Oregon,44.1,4.6,16,14.8,0.9,0.2,2018-Q4
Pennsylvania,26.9,10.7,6.7,13,7.8,5.4,2018-Q4
South Carolina,32.2,16.1,0.3,1.4,1.3,5.5,2018-Q4
South Dakota,12.8,1.3,7,1.6,2.1,2.5,2018-Q4
Tennessee,49.8,20.8,1.9,11.4,9.1,5.1,2018-Q4
Texas,18.6,18.5,5.5,3,6.2,3.7,2018-Q4
Utah,48,9.8,5.5,8,6.5,4.9,2018-Q4
Vermont,6.2,1.3,0,0,0.8,0.7,2018-Q4
Virginia,57.1,38.4,12.1,13.1,5.8,2.8,2018-Q4
Washington,34.5,0.5,11.7,4.9,3.3,1.3,2018-Q4
West Virginia,29.5,15.2,0.6,7.2,4.2,6.8,2018-Q4
Wisconsin,29.9,28.3,1.5,24.5,7.6,5.2,2018-Q4
Wyoming,43.9,7.9,2.6,6.8,1,1.4,2018-Q4
Other,12.7,0.2,0.2,5.4,1.5,5.4,2018-Q4
United States,50.5,20.3,10.4,13.8,8.4,6.5,2018-Q4
Alabama,27.2,22.7,1.8,0.3,3.1,9,2019-Q1
Arizona,25.8,7.9,6.5,16.2,8.4,0.2,2019-Q1
Arkansas,19.5,1.5,3.3,55.3,0.7,2.9,2019-Q1
California,43.5,13.4,6.4,12.3,8.7,5.6,2019-Q1
Colorado,11.2,0.3,0,0,2.5,0.6,2019-Q1
Connecticut,10.1,1.3,0,0,3.6,1.7,2019-Q1
Florida,46.9,24.8,5.5,22.9,7.4,5.5,2019-Q1
Georgia,69.6,17.8,7.4,9.6,10.6,4.9,2019-Q1
Hawaii,72.1,64.9,0.1,0.7,2.9,0,2019-Q1
Idaho,24.5,8,8,9.2,8.6,(Z),2019-Q1
Illinois,33.3,14.7,3.1,0.7,15.5,10.1,2019-Q1
Indiana,15.6,8.8,2.6,5.5,7.1,1.7,2019-Q1
Iowa,34.8,1.7,0.6,0.3,7.7,3.5,2019-Q1
Kansas,86.9,7.8,2.5,12.2,21.6,4,2019-Q1
Kentucky,21.6,12.9,0.1,5.3,10.7,4.6,2019-Q1
Louisiana,57.8,1.3,0.1,0.3,1,0.7,2019-Q1
Maine,2.3,0.1,0,0,1.4,0.8,2019-Q1
Maryland,12.6,5.1,0.2,(Z),10.1,2.4,2019-Q1
Massachusetts,10.3,0,0,4.3,6.3,0.9,2019-Q1
Michigan,18.2,5.8,1.5,0.2,12.2,0.7,2019-Q1
Minnesota,1.3,0.2,1.9,0,2,0.8,2019-Q1
Mississippi,14.6,71,64.8,48.4,1.9,5.5,2019-Q1
Missouri,5.4,2.3,1.9,0.5,5.4,3.2,2019-Q1
Montana,15.1,(Z),0,0.8,0.8,1.1,2019-Q1
Nebraska,32.3,1.3,32,0.8,2.2,0.1,2019-Q1
New Jersey,15.3,4.4,0,0,3.5,0.6,2019-Q1
New Mexico,3.5,1.1,0.6,0,1.4,0.3,2019-Q1
New York,10.6,2.5,1.7,1.7,7.7,9,2019-Q1
North Carolina,16.4,2,0.2,0.7,2.2,3.4,2019-Q1
North Dakota,6.9,0,0,6.5,0.4,1.3,2019-Q1
Ohio,49.3,9.9,11.1,1.1,6.7,3.1,2019-Q1
Oklahoma,7.7,0.3,0,0,(Z),(Z),2019-Q1
Oregon,18,0.1,0.2,0.2,2.7,0.5,2019-Q1
Pennsylvania,15.3,4.6,3.7,4,7.5,9.5,2019-Q1
South Carolina,18.5,14.5,(Z),1.7,12.4,1,2019-Q1
South Dakota,0.8,(Z),0,2.5,0.8,2.2,2019-Q1
Tennessee,62.8,23.6,5.1,0.9,7.7,7.1,2019-Q1
Texas,26.1,6.5,5.3,8.3,6.9,3,2019-Q1
Utah,22.9,0,0.1,0,0.3,8.8,2019-Q1
Vermont,6.2,0.1,2.4,0,0.2,1.2,2019-Q1
Virginia,16.6,12.8,0.8,0.3,3.9,9.3,2019-Q1
Washington,22.3,0.8,0.6,0.3,0.8,0.2,2019-Q1
West Virginia,10.3,3.2,1.1,0.2,5,1.3,2019-Q1
Wisconsin,15.9,3.2,0.7,1.1,13.8,5,2019-Q1
Wyoming,0.7,0,0.1,0,0.5,2.3,2019-Q1
Other,6.9,1.8,0.3,0,2.1,1.6,2019-Q1
United States,45.6,14.8,7.1,13.6,9,5.2,2019-Q1
Alabama,(NA),(NA),(NA),(NA),(NA),(NA),2019-Q2
Arizona,(NA),(NA),(NA),(NA),(NA),(NA),2019-Q2
Arkansas,(NA),(NA),(NA),(NA),(NA),(NA),2019-Q2
California,(NA),(NA),(NA),(NA),(NA),(NA),2019-Q2
Colorado,(NA),(NA),(NA),(NA),(NA),(NA),2019-Q2
Connecticut,(NA),(NA),(NA),(NA),(NA),(NA),2019-Q2
Florida,(NA),(NA),(NA),(NA),(NA),(NA),2019-Q2
Georgia,(NA),(NA),(NA),(NA),(NA),(NA),2019-Q2
Hawaii,(NA),(NA),(NA),(NA),(NA),(NA),2019-Q2
Idaho,(NA),(NA),(NA),(NA),(NA),(NA),2019-Q2
Illinois,(NA),(NA),(NA),(NA),(NA),(NA),2019-Q2
Indiana,(NA),(NA),(NA),(NA),(NA),(NA),2019-Q2
Iowa,(NA),(NA),(NA),(NA),(NA),(NA),2019-Q2
Kansas,(NA),(NA),(NA),(NA),(NA),(NA),2019-Q2
Kentucky,(NA),(NA),(NA),(NA),(NA),(NA),2019-Q2
Louisiana,(NA),(NA),(NA),(NA),(NA),(NA),2019-Q2
Maine,(NA),(NA),(NA),(NA),(NA),(NA),2019-Q2
Maryland,(NA),(NA),(NA),(NA),(NA),(NA),2019-Q2
Massachusetts,(NA),(NA),(NA),(NA),(NA),(NA),2019-Q2
Michigan,(NA),(NA),(NA),(NA),(NA),(NA),2019-Q2
Minnesota,(NA),(NA),(NA),(NA),(NA),(NA),2019-Q2
Mississippi,(NA),(NA),(NA),(NA),(NA),(NA),2019-Q2
Missouri,(NA),(NA),(NA),(NA),(NA),(NA),2019-Q2
Montana,(NA),(NA),(NA),(NA),(NA),(NA),2019-Q2
Nebraska,(NA),(NA),(NA),(NA),(NA),(NA),2019-Q2
New Jersey,(NA),(NA),(NA),(NA),(NA),(NA),2019-Q2
New Mexico,(NA),(NA),(NA),(NA),(NA),(NA),2019-Q2
New York,(NA),(NA),(NA),(NA),(NA),(NA),2019-Q2
North Carolina,(NA),(NA),(NA),(NA),(NA),(NA),2019-Q2
North Dakota,(NA),(NA),(NA),(NA),(NA),(NA),2019-Q2
Ohio,(NA),(NA),(NA),(NA),(NA),(NA),2019-Q2
Oklahoma,(NA),(NA),(NA),(NA),(NA),(NA),2019-Q2
Oregon,(NA),(NA),(NA),(NA),(NA),(NA),2019-Q2
Pennsylvania,(NA),(NA),(NA),(NA),(NA),(NA),2019-Q2
South Carolina,(NA),(NA),(NA),(NA),(NA),(NA),2019-Q2
South Dakota,(NA),(NA),(NA),(NA),(NA),(NA),2019-Q2
Tennessee,(NA),(NA),(NA),(NA),(NA),(NA),2019-Q2
Texas,(NA),(NA),(NA),(NA),(NA),(NA),2019-Q2
Utah,(NA),(NA),(NA),(NA),(NA),(NA),2019-Q2
Vermont,(NA),(NA),(NA),(NA),(NA),(NA),2019-Q2
Virginia,(NA),(NA),(NA),(NA),(NA),(NA),2019-Q2
Washington,(NA),(NA),(NA),(NA),(NA),(NA),2019-Q2
West Virginia,(NA),(NA),(NA),(NA),(NA),(NA),2019-Q2
Wisconsin,(NA),(NA),(NA),(NA),(NA),(NA),2019-Q2
Wyoming,(NA),(NA),(NA),(NA),(NA),(NA),2019-Q2
Other,(NA),(NA),(NA),(NA),(NA),(NA),2019-Q2
United States,(NA),(NA),(NA),(NA),(NA),(NA),2019-Q2
Alabama,30.6,24.6,2.9,0.2,9.7,6.4,2019-Q3
Arizona,29,9.9,2.7,11.4,13.2,0.6,2019-Q3
Arkansas,53.2,19.7,6.8,50.5,6.9,39.3,2019-Q3
California,49,11.5,8.7,16,11.1,3.2,2019-Q3
Colorado,79.8,12.5,4.8,10.2,9.4,1,2019-Q3
Connecticut,24.3,6.9,2.4,0,3.9,0.5,2019-Q3
Florida,44.9,20.7,6.3,18.2,11.7,10.8,2019-Q3
Georgia,52.5,18.6,1.6,25.8,17.1,4.6,2019-Q3
Hawaii,37.2,39,0.3,0,1.3,0.2,2019-Q3
Idaho,59.9,15.4,21.7,9.9,18.5,0.8,2019-Q3
Illinois,35.9,8.3,0.7,2.5,5.5,11.5,2019-Q3
Indiana,55.7,15.2,3,23.1,19.2,1.4,2019-Q3
Iowa,39.4,7.1,5.8,26.3,27.8,3.6,2019-Q3
Kansas,67.5,33.8,21.8,23.9,1.2,0.5,2019-Q3
Kentucky,29.2,17.6,0.4,5.2,7.9,8.6,2019-Q3
Louisiana,67.1,66.8,0.4,57,2.5,2.7,2019-Q3
Maine,10.1,0.7,0.1,0,0.2,0.1,2019-Q3
Maryland,26.7,2.7,0,0.3,5.1,1.4,2019-Q3
Massachusetts,13,2.9,0.2,(Z),0.7,7.3,2019-Q3
Michigan,42.7,16.4,8.7,7.3,2.1,1.5,2019-Q3
Minnesota,54.9,8.2,4,13.4,6.6,2.1,2019-Q3
Mississippi,59.1,45.6,2.4,25.4,4,5.1,2019-Q3
Missouri,18.4,7.1,0.4,0.8,2.1,0.6,2019-Q3
Montana,28,10,10.6,6.1,4.1,1,2019-Q3
Nebraska,29.2,2.7,1.8,2.8,7.2,1.9,2019-Q3
New Jersey,26.1,2.3,0.3,0.2,0.5,0.1,2019-Q3
New Mexico,39.5,29.1,0.9,0,0.8,0,2019-Q3
New York,30.7,11.5,1.2,8.2,2.5,3.8,2019-Q3
North Carolina,26.9,11.3,19.7,4,9.7,5.7,2019-Q3
North Dakota,48.4,10.2,14.7,9,23.7,9.3,2019-Q3
Ohio,40.6,23,4.2,1.8,5.9,3.9,2019-Q3
Oklahoma,29,1.4,0.1,0.1,4.1,4.4,2019-Q3
Oregon,35.4,12.8,19.8,15.1,16.6,0.4,2019-Q3
Pennsylvania,23.4,8.8,1.8,5,1.5,5.6,2019-Q3
South Carolina,44.9,11.6,0.6,16.2,19.6,3.7,2019-Q3
South Dakota,10.4,3.5,0.3,14,4,1.5,2019-Q3
Tennessee,51.4,23.3,0.2,9.1,11.5,1.5,2019-Q3
Texas,21.9,18.3,4.4,11.5,7.2,2.1,2019-Q3
Utah,29.4,4.9,5.5,0.2,0.6,4.6,2019-Q3
Vermont,22.2,4.3,0.7,0,0.5,0.1,2019-Q3
Virginia,37.9,18.3,0.9,1.3,2.7,3.1,2019-Q3
Washington,47.3,0.9,2.5,4.6,9.4,0.3,2019-Q3
West Virginia,33.7,10.7,0.7,2.7,6.9,0.3,2019-Q3
Wisconsin,46.4,20.5,13.9,18.1,6.5,3.9,2019-Q3
Wyoming,45.7,0.4,3.3,2.2,6.3,2.5,2019-Q3
Other,11.3,4.5,4.2,7.7,1.4,0.1,2019-Q3
United States,44.1,13.4,8.5,13.6,11.9,4.5,2019-Q3
Alabama,46.7,26.7,0.6,4.9,9,11.3,2019-Q4
Arizona,53.9,1.5,0.4,23.3,4,2.9,2019-Q4
Arkansas,47.7,39.7,1.4,7.8,12.5,32.8,2019-Q4
California,40.5,10.9,5.2,11.3,8,5,2019-Q4
Colorado,67.7,1.5,0,15.3,2.6,0.8,2019-Q4
Connecticut,22.2,11.1,2.4,0,1.7,1.6,2019-Q4
Florida,43.5,25.6,7.8,11.7,7.8,4.8,2019-Q4
Georgia,34.3,18.2,5.6,9.1,2.6,4.4,2019-Q4
Hawaii,44,61.8,0.2,1,0.1,0,2019-Q4
Idaho,20.3,4.3,5.4,10.5,9.9,1.1,2019-Q4
Illinois,28.9,27.3,1.1,3.4,8.9,8.9,2019-Q4
Indiana,20.7,15,2.6,6.7,1.6,0.6,2019-Q4
Iowa,61,17.8,5.6,25.2,19.7,4.2,2019-Q4
Kansas,65.8,15,11.9,43.4,0.4,14.4,2019-Q4
Kentucky,33,20.1,0.2,5.3,12,9.9,2019-Q4
Louisiana,33,18.5,3.5,0.7,6.1,0.9,2019-Q4
Maine,20.5,0,0.1,2.5,0.3,0.2,2019-Q4
Maryland,12.6,4.5,1.8,0,0.3,5,2019-Q4
Massachusetts,7.6,0.2,0.8,0,1.1,10.7,2019-Q4
Michigan,37,9.7,9.2,8.3,1.1,3.8,2019-Q4
Minnesota,37.3,7.8,1.2,6.1,1.8,4,2019-Q4
Mississippi,41,38,4.1,13.9,10.5,5.2,2019-Q4
Missouri,19.2,5.9,0.2,0.1,1.5,0.4,2019-Q4
Montana,15.7,1.8,(Z),0.8,2.8,0.3,2019-Q4
Nebraska,5.8,1,0,3.5,2.8,6.4,2019-Q4
New Jersey,2.5,0.9,0,0,1.3,0.5,2019-Q4
New Mexico,5.2,0.3,0.4,0,2.6,0,2019-Q4
New York,33.3,24.8,3,8.7,3.2,4,2019-Q4
North Carolina,44.5,21,4.5,2.4,15.7,11.7,2019-Q4
North Dakota,43,7.1,1.8,3.7,2,1.7,2019-Q4
Ohio,33.2,5.6,0.4,0.6,3.3,7.6,2019-Q4
Oklahoma,1,0.4,0,0.4,0.4,0.1,2019-Q4
Oregon,35.8,2.1,4.7,1.8,16.6,16,2019-Q4
Pennsylvania,33.2,4.6,1,3.2,2.3,2.9,2019-Q4
South Carolina,56.7,18.4,1.7,3.5,13.1,6.3,2019-Q4
South Dakota,12.2,6.1,3.2,5.6,11.2,1.5,2019-Q4
Tennessee,66.6,53.5,0,33.6,7.6,9.1,2019-Q4
Texas,23.1,14,4.6,4.9,5.8,1.4,2019-Q4
Utah,22.1,2,2,10.3,0.2,0.3,2019-Q4
Vermont,21,1.3,0.6,0.8,0.6,0.9,2019-Q4
Virginia,37.7,18.6,0.4,0,5.3,6,2019-Q4
Washington,40.3,2.3,0.6,19.6,2.9,3.2,2019-Q4
West Virginia,65.8,10.7,1.1,0.4,6.1,2.2,2019-Q4
Wisconsin,40,22.1,14.8,14.1,22,7.3,2019-Q4
Wyoming,27.6,12.3,3.2,0,4.3,13.2,2019-Q4
Other,13.6,2.3,0.3,0.3,32.4,0.9,2019-Q4
United States,45.7,15,5.4,10.9,8.6,5.3,2019-Q4
Alabama,12.4,3.4,0,0.1,1.7,4.3,2020-Q1
Arizona,31.7,(Z),(Z),0,10.1,9,2020-Q1
Arkansas,31.7,22.7,(Z),2.6,(Z),11.2,2020-Q1
California,22.4,6,5,5.3,5.3,4.2,2020-Q1
Colorado,20.8,0,(Z),(Z),10.8,2.4,2020-Q1
Connecticut,11.2,2.9,(Z),0,2.8,3,2020-Q1
Florida,28,14.2,5.5,5.3,8.7,10.9,2020-Q1
Georgia,50.9,3.4,(Z),(Z),(Z),7.5,2020-Q1
Hawaii,75.3,60.8,(Z),0,(Z),(Z),2020-Q1
Idaho,10.4,0.8,(Z),2.8,2.1,1.9,2020-Q1
Illinois,17.2,8.9,(Z),0,7.3,10,2020-Q1
Indiana,8.2,0.5,(Z),2.9,1.9,6.2,2020-Q1
Iowa,22.3,1.9,0,(Z),5.7,5.5,2020-Q1
Kansas,13.3,8.1,7.8,7.8,3.1,11.3,2020-Q1
Kentucky,17.4,2.6,2,(Z),7.6,6.5,2020-Q1
Louisiana,26.5,7,0.7,1.2,1.4,0.6,2020-Q1
Maine,19.6,1.2,0.7,0,2.2,3,2020-Q1
Maryland,19.9,1.5,(Z),0,8.5,2.4,2020-Q1
Massachusetts,13.9,0.5,1.8,(Z),4.5,2.2,2020-Q1
Michigan,8.1,0.5,(Z),(Z),(Z),0.7,2020-Q1
Minnesota,3.5,0,0,(Z),4.3,(Z),2020-Q1
Mississippi,58.6,50.9,(Z),1.8,14.5,3.6,2020-Q1
Missouri,8.4,3.4,0.9,1.6,2.1,3.4,2020-Q1
Montana,4,0,0,0,0.5,(Z),2020-Q1
Nebraska,2.2,(Z),(Z),0,(Z),0.8,2020-Q1
New Jersey,9.4,2.9,0.5,(Z),3.2,2.3,2020-Q1
New Mexico,2.1,0,0,0,0.7,(Z),2020-Q1
New York,6.6,2.9,0,0,1.7,7.7,2020-Q1
North Carolina,35.7,7.1,4.8,0.6,1.4,5.1,2020-Q1
North Dakota,0.6,0,0,0,3.1,0,2020-Q1
Ohio,17.6,3.6,1.1,(Z),3,13.4,2020-Q1
Oklahoma,11.4,0.6,(Z),0.5,(Z),(Z),2020-Q1
Oregon,24.4,10.4,10.8,14.5,1.3,(Z),2020-Q1
Pennsylvania,15.5,3.9,2.8,1.8,2.7,3.2,2020-Q1
South Carolina,15.5,11.5,9.6,(Z),6.4,5.4,2020-Q1
South Dakota,14.7,(Z),0,2.1,(Z),(Z),2020-Q1
Tennessee,18.9,17.3,1,0,4.1,7.8,2020-Q1
Texas,12.2,6.8,1.3,3.4,5.2,4.6,2020-Q1
Utah,38.9,17.2,17.1,2.3,15.7,22.4,2020-Q1
Vermont,9.1,0.8,0.6,0.9,2,3.1,2020-Q1
Virginia,17.5,10.6,(Z),(Z),3.8,3.5,2020-Q1
Washington,1.7,(Z),(Z),0.5,(Z),(Z),2020-Q1
West Virginia,17.3,7,1.3,0.6,2.6,(Z),2020-Q1
Wisconsin,9,1.9,(Z),(Z),2.7,3.1,2020-Q1
Wyoming,(Z),(Z),0.1,0,0.8,1.7,2020-Q1
Other,5.8,0,(Z),0,0.8,(Z),2020-Q1
United States,25.5,8,4.4,5,5.6,5.4,2020-Q1
Alabama,28.5,18,1.6,7.7,7.9,9.5,2020-Q2
Arizona,22.1,0,(Z),4.2,5.5,0.6,2020-Q2
Arkansas,40.5,15.3,5.1,24.6,2.1,12.4,2020-Q2
California,33.6,4.8,3.9,5.5,7.6,3.1,2020-Q2
Colorado,35.4,(Z),(Z),0,0.5,2.5,2020-Q2
Connecticut,14.8,2.1,0,0,0.1,0.6,2020-Q2
Florida,33.1,16,3.4,5.8,5.9,7.9,2020-Q2
Georgia,47.9,19.6,6.9,2.9,7.9,13.4,2020-Q2
Hawaii,43.1,41.1,1,0,1.1,0,2020-Q2
Idaho,44.2,10.9,11.1,8.6,6.9,5.8,2020-Q2
Illinois,23.5,8.2,1,8.3,11.9,4,2020-Q2
Indiana,26.8,12.5,1.8,20.2,5.4,1.5,2020-Q2
Iowa,30.6,24.7,16.6,0.8,3.5,0.5,2020-Q2
Kansas,68.4,34.1,24,32.8,28.9,14.3,2020-Q2
Kentucky,18.3,10.9,(Z),1.2,2.9,3.2,2020-Q2
Louisiana,23.7,4.7,0.5,(Z),3.5,1.3,2020-Q2
Maine,47.1,(Z),26.8,0,0.5,0,2020-Q2
Maryland,14.3,1.1,0.1,1.1,3.2,0.5,2020-Q2
Massachusetts,14.7,2.1,(Z),(Z),1.1,(Z),2020-Q2
Michigan,38,11.5,2.2,6,3.2,1.1,2020-Q2
Minnesota,20.6,2.9,0.7,8.8,4.4,(Z),2020-Q2
Mississippi,93.1,57.8,0,0.9,8.5,(Z),2020-Q2
Missouri,17.4,1.5,5.7,3.1,11.2,1.9,2020-Q2
Montana,12.1,5.6,5.9,0,4.6,(Z),2020-Q2
Nebraska,17.5,1.1,4.8,12.2,(Z),2.7,2020-Q2
New Jersey,15.4,0.8,21.5,(Z),21.7,(Z),2020-Q2
New Mexico,3,(Z),(Z),(Z),(Z),(Z),2020-Q2
New York,20.7,2.5,0.6,(Z),3.5,0.5,2020-Q2
North Carolina,23,5.5,1.9,0,1.8,1.4,2020-Q2
North Dakota,28.8,1.7,2.5,3.1,3,1.9,2020-Q2
Ohio,23.8,12,6.2,5.8,7.3,13.3,2020-Q2
Oklahoma,16.2,3.9,(Z),0.9,15.1,5.1,2020-Q2
Oregon,28,1.7,7.5,2.2,5.9,0.7,2020-Q2
Pennsylvania,26.6,2.6,1.4,(Z),3.3,1.3,2020-Q2
South Carolina,29.1,6.2,0.5,(Z),5.7,0.5,2020-Q2
South Dakota,53.3,46.4,4.8,(Z),52.5,5.3,2020-Q2
Tennessee,31.2,7.8,(Z),6.8,3.3,3,2020-Q2
Texas,30.2,7.7,3.3,4.6,5.7,5.8,2020-Q2
Utah,38.4,0,(Z),13.1,(Z),7.7,2020-Q2
Vermont,10.7,0.5,0.1,0,1.1,0,2020-Q2
Virginia,33.7,7.9,(Z),(Z),7.9,1.1,2020-Q2
Washington,10.6,(Z),0.7,1,1.3,(Z),2020-Q2
West Virginia,46.2,1.8,0.7,0.5,2.8,1.9,2020-Q2
Wisconsin,46.1,27.3,25,25.1,25.8,26.1,2020-Q2
Wyoming,28.8,(Z),0.1,1.1,3.5,1.2,2020-Q2
Other,12.8,0.8,0.5,0,(Z),(Z),2020-Q2
United States,43.1,12.5,5.5,6.2,11.2,5.4,2020-Q2
Alabama,64.9,29.1,0,12,5.4,11.7,2020-Q3
Arizona,24.1,(Z),1.9,1.7,9.3,12.2,2020-Q3
Arkansas,33.9,15.6,3.9,13.9,1.3,8.6,2020-Q3
California,33.9,11.4,7.3,6.3,8.1,3.6,2020-Q3
Colorado,23.1,1.1,(Z),0,6.3,19.8,2020-Q3
Connecticut,20.2,1.4,0,0,4,0,2020-Q3
Florida,42.2,19.9,12.8,14.8,7.9,10.9,2020-Q3
Georgia,49.6,22.5,3.5,3.4,5.3,13,2020-Q3
Hawaii,62.7,63.5,(Z),(Z),0.5,(Z),2020-Q3
Idaho,45,2.6,6.7,10.9,9,3.8,2020-Q3
Illinois,28.1,15.6,1.8,4.9,6.6,8.4,2020-Q3
Indiana,41.4,12,1.7,24.5,0.7,1.3,2020-Q3
Iowa,49.1,29.4,3.9,6.3,4.5,(Z),2020-Q3
Kansas,93.8,24.8,15.6,34.1,2.1,(Z),2020-Q3
Kentucky,23.3,4,1.4,1.6,2.4,5.1,2020-Q3
Louisiana,27.2,14.4,4.7,0.8,3.6,3.4,2020-Q3
Maine,65.2,2.5,0.7,0,4.6,6.2,2020-Q3
Maryland,17.6,4.8,(Z),(Z),0.6,2.9,2020-Q3
Massachusetts,29.7,1.6,1.5,0.8,1.2,0.7,2020-Q3
Michigan,53.1,14.5,3.4,8.9,5.9,1,2020-Q3
Minnesota,46.3,3.7,(Z),8.2,2.2,1.7,2020-Q3
Mississippi,45.7,41.8,(Z),(Z),3.3,6.2,2020-Q3
Missouri,30.8,8.8,(Z),1.1,2.4,2.4,2020-Q3
Montana,36.6,2.1,0.9,(Z),8.6,1.2,2020-Q3
Nebraska,23.4,0.8,3.3,19.8,21.4,(Z),2020-Q3
New Jersey,21.7,5.6,0,16.3,(Z),(Z),2020-Q3
New Mexico,33.8,32.9,0,0,0.5,(Z),2020-Q3
New York,18.2,7.8,6.3,3.3,2.1,1.1,2020-Q3
North Carolina,70.5,17.9,(Z),(Z),(Z),(Z),2020-Q3
North Dakota,61.3,15.9,12.3,4.1,9.3,1.4,2020-Q3
Ohio,28.6,10.4,0.8,3.7,10.8,1.4,2020-Q3
Oklahoma,52.4,8,0.9,1.7,2.4,0.8,2020-Q3
Oregon,42.4,2.5,3.8,0.5,7.1,2.4,2020-Q3
Pennsylvania,32.2,12.3,1.2,1.6,5.5,2.3,2020-Q3
South Carolina,27.1,28.9,(Z),6.2,1.5,0.9,2020-Q3
South Dakota,87,7,2.1,64.9,61.4,2,2020-Q3
Tennessee,37.7,15.5,2.3,0.5,2.4,2.2,2020-Q3
Texas,20.2,13.6,2,6.7,1.6,0.6,2020-Q3
Utah,61.7,(Z),(Z),31.6,3.7,3.9,2020-Q3
Vermont,26.6,0.7,0.9,3.8,0.9,(Z),2020-Q3
Virginia,27.5,8.3,(Z),(Z),4.1,5.8,2020-Q3
Washington,19.2,(Z),(Z),10.5,1.3,0.6,2020-Q3
West Virginia,17.7,10.1,4.7,4.7,1.7,2.6,2020-Q3
Wisconsin,43.1,22.8,12.9,26.1,13.8,20.4,2020-Q3
Wyoming,13.4,(Z),0.7,5.9,1.8,0.9,2020-Q3
Other,76.4,7.1,(Z),6.3,14.1,(Z),2020-Q3
United States,55.7,12.8,6.1,21.7,13.8,4.1,2020-Q3
Alabama,50.8,43.2,15.4,2,2.3,16.9,2020-Q4
Arizona,22.5,(Z),(Z),4.5,2.3,18.3,2020-Q4
Arkansas,43.1,12.9,1.7,12.8,5.9,5.7,2020-Q4
California,45.5,11.1,7.1,4.8,4.2,4,2020-Q4
Colorado,14.9,0,(Z),0,0.9,1.5,2020-Q4
Connecticut,49.4,0.9,0.1,0,4.3,8.2,2020-Q4
Florida,45.7,21.7,10.4,19.6,2.3,7.5,2020-Q4
Georgia,35.5,12.9,1.8,7.5,1.9,6.7,2020-Q4
Hawaii,57.2,65.2,(Z),0,2.9,0,2020-Q4
Idaho,52.1,8.9,4.3,4.8,4.8,5.4,2020-Q4
Illinois,26.4,9.8,1.1,2.9,2.7,6.9,2020-Q4
Indiana,26.3,4.1,(Z),1.9,2.4,5.7,2020-Q4
Iowa,39.8,0.9,2.6,(Z),1.8,1.4,2020-Q4
Kansas,37.7,30.3,1.2,33.3,26.4,25.9,2020-Q4
Kentucky,23.8,8.8,0,0,8.2,9,2020-Q4
Louisiana,22.2,2.9,0,(Z),2.9,(Z),2020-Q4
Maine,30.8,(Z),0.5,0,1.2,0.6,2020-Q4
Maryland,27.5,1.8,1.5,0.7,6.2,2.1,2020-Q4
Massachusetts,17.4,1.2,(Z),(Z),(Z),0.9,2020-Q4
Michigan,42.9,5.4,5.3,3.1,3.6,4.3,2020-Q4
Minnesota,17.2,1.6,1,19.2,1.8,2.6,2020-Q4
Mississippi,7.8,1.5,0,0.6,7.8,5.9,2020-Q4
Missouri,13.1,7.9,(Z),0.5,3.1,0.8,2020-Q4
Montana,15.1,11.6,11.6,2.6,4.4,6,2020-Q4
Nebraska,3.6,(Z),0.5,(Z),1.4,6.3,2020-Q4
New Jersey,6.8,2.1,0.5,0.6,0.2,0.7,2020-Q4
New Mexico,15.7,(Z),1,0,2,0.9,2020-Q4
New York,19.2,7.2,(Z),(Z),4.5,4.1,2020-Q4
North Carolina,37.7,14,(Z),5.1,0.6,1.9,2020-Q4
North Dakota,60.2,0.5,5.1,11.5,1.1,5.5,2020-Q4
Ohio,42.4,12.4,0.9,6.4,2.5,1.7,2020-Q4
Oklahoma,2.3,1.1,(Z),(Z),(Z),0.8,2020-Q4
Oregon,28.5,4.6,3.7,1.6,3.8,3.9,2020-Q4
Pennsylvania,28.1,3.9,1.3,1.9,1.8,2.6,2020-Q4
South Carolina,22.9,4.2,0,1.3,2.7,3.8,2020-Q4
South Dakota,22.6,1.4,6.5,4.5,(Z),1.8,2020-Q4
Tennessee,33.8,25.4,(Z),5.1,2.1,5.2,2020-Q4
Texas,27.4,6.5,(Z),5,5.7,9.6,2020-Q4
Utah,49.5,(Z),(Z),6.8,0.7,17.6,2020-Q4
Vermont,10,(Z),0.5,0,0.6,(Z),2020-Q4
Virginia,30.3,13.6,1.6,2,5.4,2.9,2020-Q4
Washington,25.5,20.2,22.9,2.6,4.7,4.4,2020-Q4
West Virginia,7.2,4.3,(Z),1,4.5,1.1,2020-Q4
Wisconsin,29.3,0.6,(Z),7.4,1.8,1.2,2020-Q4
Wyoming,19.2,0,(Z),2.4,2.2,1.4,2020-Q4
Other,44.5,1.1,(Z),(Z),12.5,7.4,2020-Q4
United States,48.6,11,6.8,8,4.1,6.3,2020-Q4
Alabama,52.2,30.3,0,(Z),3.1,4,2021-Q1
Arizona,4.6,5.9,5.9,0,0.5,4.2,2021-Q1
Arkansas,28.5,19.6,(Z),14.2,3.8,2.6,2021-Q1
California,29.9,5.7,1.7,7.2,6.2,3.4,2021-Q1
Colorado,2.1,0,0,0,1.1,7.8,2021-Q1
Connecticut,17.8,3.5,0,0.5,1.6,1,2021-Q1
Florida,34.7,11.9,5.6,6.6,6.3,3.4,2021-Q1
Georgia,47.9,14.4,8.9,1.5,4.1,4.6,2021-Q1
Hawaii,49,52.2,0,0,4.7,0,2021-Q1
Idaho,33.3,10.7,0,9.5,1.8,1.7,2021-Q1
Illinois,28.8,12.9,1.6,1.3,17.9,9.4,2021-Q1
Indiana,34.4,5.4,0,0.7,4.8,4.5,2021-Q1
Iowa,18.9,0.7,(Z),3.7,7.8,3.8,2021-Q1
Kansas,25.7,2.8,0,0,19.1,2.2,2021-Q1
Kentucky,27.5,16.9,(Z),0,5.1,9.3,2021-Q1
Louisiana,61.4,8.5,0,1.6,8.2,0.9,2021-Q1
Maine,7.2,2.6,(Z),0,2.2,2.1,2021-Q1
Maryland,34.6,1.1,0,(Z),19.7,2.7,2021-Q1
Massachusetts,28.9,3.6,1,0.5,7.8,4.5,2021-Q1
Michigan,2.3,(Z),(Z),(Z),0.7,1.6,2021-Q1
Minnesota,6.3,0.6,(Z),2.5,2.8,(Z),2021-Q1
Mississippi,9.7,3.8,0,1,10.6,4.7,2021-Q1
Missouri,16.6,5.6,(Z),0.8,13.1,10.3,2021-Q1
Montana,(Z),0,(Z),0,(Z),(Z),2021-Q1
Nebraska,0,0,0,1.5,1.7,0.7,2021-Q1
New Jersey,18.7,1.5,1,1.3,1.2,0.8,2021-Q1
New Mexico,14.2,0.1,0,0,6.5,1.9,2021-Q1
New York,15,3.9,0.6,0.5,5.7,4.8,2021-Q1
North Carolina,23.7,7.3,(Z),(Z),0.6,0.5,2021-Q1
North Dakota,(Z),(Z),0,0,(Z),(Z),2021-Q1
Ohio,26.6,14.4,2.9,2,8.2,4.9,2021-Q1
Oklahoma,7.6,(Z),0,(Z),4.2,2,2021-Q1
Oregon,12.9,10.7,1.4,(Z),1.2,0.6,2021-Q1
Pennsylvania,18.1,11.6,(Z),0,6.8,8.2,2021-Q1
South Carolina,48.5,10.1,(Z),3.2,4.1,0.9,2021-Q1
South Dakota,8.6,(Z),0,(Z),(Z),0.8,2021-Q1
Tennessee,34.4,5.2,1.4,0.8,2.6,8.9,2021-Q1
Texas,18.5,13.8,1.6,6,7.7,(Z),2021-Q1
Utah,45.4,0.9,0,2.4,1,11.2,2021-Q1
Vermont,21.1,(Z),3.7,0,10.1,(Z),2021-Q1
Virginia,11.9,1,0,1.9,3.9,4.9,2021-Q1
Washington,15.5,2.4,1,(Z),5.3,(Z),2021-Q1
West Virginia,13.7,3.4,0.7,2.6,1.2,3.3,2021-Q1
Wisconsin,16.1,(Z),(Z),0,3.6,3.2,2021-Q1
Wyoming,(Z),(Z),(Z),0,3.3,7.9,2021-Q1
Other,19.4,1.2,4.1,(Z),6.8,1.1,2021-Q1
United States,31.3,8.8,2.2,6.3,6.5,3.3,2021-Q1